Name,Address,Latitude,Longitude,Ward,Primary SIC,Primary SIC description,SIC_Code_1,SIC_Code_2,SIC_Code_3,SIC_Code_4,Primary NAICS,Primary NAICS description,NAICS_1,NAICS1_Description,NAICS_2,NAICS2 Description,Employee # Range,Employee #,Location Sales Range,Location Sales,Lat2,Long2,WARD_ID
9port & Health, ,38.906467,-77.016954,6,799101,Health Clubs Studios & Gymnasiums,799101,Health Clubs Studios & Gymnasiums, , ,713940,Fitness & Recreational Sports Centers,713940,Fitness & Recreational Sports Centers, , ,5 to 9,8,"Less Than $500,000","$448,000 ",38.9065018,-77.0169983,6
Aldridge Fitness Connection,1701 Redwood Ter NW,38.992592,-77.039444,4,799101,Health Clubs Studios & Gymnasiums,729906,Exercise & Physical Fitness Programs,799101,Health Clubs Studios & Gymnasiums,713940,Fitness & Recreational Sports Centers,812191,Diet & Weight Reducing Centers,713940,Fitness & Recreational Sports Centers,5 to 9,6,"Less Than $500,000","$336,000 ",38.9925995,-77.0393982,4
American Parkour Academies,219 M St NW,38.905823,-77.014252,6,799101,Health Clubs Studios & Gymnasiums,596104,E-Commerce,799101,Health Clubs Studios & Gymnasiums,713940,Fitness & Recreational Sports Centers,454111,Electronic Shopping,713940,Fitness & Recreational Sports Centers,20 to 49,20,$1-2.5 Million,"$1,120,000 ",38.9057999,-77.0142975,6
Applied Fitness,1620 L St NW # 1210,38.903337,-77.037718,2,799101,Health Clubs Studios & Gymnasiums,799101,Health Clubs Studios & Gymnasiums, , ,713940,Fitness & Recreational Sports Centers,713940,Fitness & Recreational Sports Centers, , ,5 to 9,6,"Less Than $500,000","$336,000 ",38.9033012,-77.0376968,2
Art Of Spyn,950 F St NW,38.897054,-77.02525,2,799101,Health Clubs Studios & Gymnasiums,799101,Health Clubs Studios & Gymnasiums, , ,713940,Fitness & Recreational Sports Centers,713940,Fitness & Recreational Sports Centers, , ,5 to 9,8,"Less Than $500,000","$448,000 ",38.8970985,-77.0252991,2
Athlete Studio,1730 Connecticut Ave NW,38.913534,-77.046115,2,799107,Pilates,799107,Pilates, , ,713940,Fitness & Recreational Sports Centers,713940,Fitness & Recreational Sports Centers, , ,1 to 4,3,"Less Than $500,000","$168,000 ",38.9135017,-77.0460968,2
Balance Gym,2401 M St NW,38.905784,-77.051676,2,799101,Health Clubs Studios & Gymnasiums,799101,Health Clubs Studios & Gymnasiums, , ,713940,Fitness & Recreational Sports Centers,713940,Fitness & Recreational Sports Centers, , ,20 to 49,20,$1-2.5 Million,"$1,120,000 ",38.9057999,-77.0516968,2
Balance Gym,2121 Wisconsin Ave NW,38.918478,-77.069699,3,799102,Gymnasiums,799102,Gymnasiums, , ,713940,Fitness & Recreational Sports Centers,713940,Fitness & Recreational Sports Centers, , ,1 to 4,4,"Less Than $500,000","$224,000 ",38.918499,-77.0697021,3
Balance Gym Thomas Circle,1111 14th St NW,38.904246,-77.031512,2,799101,Health Clubs Studios & Gymnasiums,799101,Health Clubs Studios & Gymnasiums,799102,Gymnasiums,713940,Fitness & Recreational Sports Centers,713940,Fitness & Recreational Sports Centers,713940,Fitness & Recreational Sports Centers,20 to 49,20,$1-2.5 Million,"$1,120,000 ",38.9042015,-77.0315018,2
Bang Salon,1212 4th St SE # 170,38.875281,-77.000507,6,799101,Health Clubs Studios & Gymnasiums,799101,Health Clubs Studios & Gymnasiums, , ,713940,Fitness & Recreational Sports Centers,713940,Fitness & Recreational Sports Centers, , ,5 to 9,6,"Less Than $500,000","$336,000 ",38.8753014,-77.0005035,6
Bar Method,750 9th St NW # 103,38.899392,-77.024385,2,729906,Exercise & Physical Fitness Programs,729906,Exercise & Physical Fitness Programs,799101,Health Clubs Studios & Gymnasiums, , ,812191,Diet & Weight Reducing Centers,713940,Fitness & Recreational Sports Centers,5 to 9,5,"$500,000-1 Million","$920,000 ",38.8993988,-77.0243988,2
Barre 3,1000 Wisconsin Ave NW # G100,38.902756,-77.062998,2,799101,Health Clubs Studios & Gymnasiums,799101,Health Clubs Studios & Gymnasiums, , ,713940,Fitness & Recreational Sports Centers,713940,Fitness & Recreational Sports Centers, , ,5 to 9,8,"Less Than $500,000","$448,000 ",38.9028015,-77.0630035,2
Because We Care,621 Alabama Ave SE,38.842967,-76.9971,8,799101,Health Clubs Studios & Gymnasiums,799101,Health Clubs Studios & Gymnasiums, , ,713940,Fitness & Recreational Sports Centers,713940,Fitness & Recreational Sports Centers, , ,5 to 9,6,"Less Than $500,000","$336,000 ",38.8429985,-76.9971008,8
Bench Personal Training,1150 18th St NW # 130,38.904469,-77.042233,2,729999,Miscellaneous Personal Services NEC,729999,Miscellaneous Personal Services NEC,799106,Personal Trainers-Fitness, , ,812990,All Other Personal Services,713940,Fitness & Recreational Sports Centers,5 to 9,6,$1-2.5 Million,"$1,104,000 ",38.9044991,-77.0421982,2
Bey & Assoc,1738 14th St NW # 1,38.913837,-77.032286,2,799101,Health Clubs Studios & Gymnasiums,799101,Health Clubs Studios & Gymnasiums,799102,Gymnasiums,713940,Fitness & Recreational Sports Centers,713940,Fitness & Recreational Sports Centers,713940,Fitness & Recreational Sports Centers,1 to 4,2,"Less Than $500,000","$112,000 ",38.9137993,-77.0323029,2
Biker Barre LLC,738 7th St SE,38.880049,-76.995965,6,799101,Health Clubs Studios & Gymnasiums,799101,Health Clubs Studios & Gymnasiums, , ,713940,Fitness & Recreational Sports Centers,713940,Fitness & Recreational Sports Centers, , ,5 to 9,6,"Less Than $500,000","$336,000 ",38.8801003,-76.9960022,6
Blackburn University Ctr,2397 6th St NW,38.921769,-77.021002,1,799701,Recreation Centers,799701,Recreation Centers, , ,713940,Fitness & Recreational Sports Centers,713940,Fitness & Recreational Sports Centers, , ,10 to 19,15,$1-2.5 Million,"$1,094,000 ",38.9217987,-77.0210037,1
Body Smith Gym,1630 14th St NW,38.91223,-77.032342,2,799102,Gymnasiums,594159,Weights,799101,Health Clubs Studios & Gymnasiums, , ,451110,Sporting Goods Stores,713940,Fitness & Recreational Sports Centers,5 to 9,5,"Less Than $500,000","$280,000 ",38.9122009,-77.0323029,2
Body You Want,1070 Thomas Jefferson St NW #A,38.90457,-77.060277,2,799106,Personal Trainers-Fitness,729906,Exercise & Physical Fitness Programs,729934,Weight Control Services, , ,812191,Diet & Weight Reducing Centers,812191,Diet & Weight Reducing Centers,5 to 9,6,"Less Than $500,000","$336,000 ",38.9045982,-77.0603027,2
Bodysmith Personal Training,1630 14th St NW,38.91223,-77.032342,2,799101,Health Clubs Studios & Gymnasiums,799101,Health Clubs Studios & Gymnasiums,874802,Training Consultants,713940,Fitness & Recreational Sports Centers,713940,Fitness & Recreational Sports Centers,541612,Human Resources Consulting Services,20 to 49,40,$1-2.5 Million,"$2,240,000 ",38.9122009,-77.0323029,2
Brookland Manor Recreation Ctr,2511 14th St NE,38.923051,-76.986197,5,799701,Recreation Centers,799701,Recreation Centers, , ,713940,Fitness & Recreational Sports Centers,713940,Fitness & Recreational Sports Centers, , ,5 to 9,7,"$500,000-1 Million","$510,000 ",38.9230003,-76.9861984,5
C 2 Fitness Club,400 7th St SW,38.884054,-77.020858,6,799101,Health Clubs Studios & Gymnasiums,799101,Health Clubs Studios & Gymnasiums, , ,713940,Fitness & Recreational Sports Centers,713940,Fitness & Recreational Sports Centers, , ,5 to 9,6,"Less Than $500,000","$336,000 ",38.8841019,-77.0208969,6
Capital City Club & Spa,1001 16th St NW,38.902728,-77.03649,2,799101,Health Clubs Studios & Gymnasiums,723119,Spas-Beauty & Day,799101,Health Clubs Studios & Gymnasiums,713940,Fitness & Recreational Sports Centers,812112,Beauty Salons,713940,Fitness & Recreational Sports Centers,20 to 49,40,$1-2.5 Million,"$2,240,000 ",38.9026985,-77.036499,2
Capital Hill Fitness,725 8th St SE # 1,38.880353,-76.99516,6,799101,Health Clubs Studios & Gymnasiums,799101,Health Clubs Studios & Gymnasiums, , ,713940,Fitness & Recreational Sports Centers,713940,Fitness & Recreational Sports Centers, , ,5 to 9,6,"Less Than $500,000","$336,000 ",38.8804016,-76.9952011,6
Capital Pilates,4900 Massachusetts Ave NW # 31,38.94553,-77.097257,3,799107,Pilates,729906,Exercise & Physical Fitness Programs,799107,Pilates,713940,Fitness & Recreational Sports Centers,812191,Diet & Weight Reducing Centers,713940,Fitness & Recreational Sports Centers,5 to 9,5,"Less Than $500,000","$280,000 ",38.9454994,-77.0972977,3
Capitol Fitness USA LLC,1021 17th St NE,38.903153,-76.978823,5,799101,Health Clubs Studios & Gymnasiums,729901,Health & Fitness Program Consultants,799101,Health Clubs Studios & Gymnasiums,713940,Fitness & Recreational Sports Centers,812191,Diet & Weight Reducing Centers,713940,Fitness & Recreational Sports Centers,5 to 9,8,"Less Than $500,000","$448,000 ",38.9031982,-76.9787979,5
Center Pointe,1802 Adams Mill Rd NW,38.923108,-77.043037,1,799101,Health Clubs Studios & Gymnasiums,799101,Health Clubs Studios & Gymnasiums, , ,713940,Fitness & Recreational Sports Centers,713940,Fitness & Recreational Sports Centers, , ,5 to 9,6,"Less Than $500,000","$336,000 ",38.9230995,-77.0429993,1
Chevy Chase Personal Training,5520 Connecticut Ave NW,38.963649,-77.075322,3,799106,Personal Trainers-Fitness,799106,Personal Trainers-Fitness, , ,713940,Fitness & Recreational Sports Centers,713940,Fitness & Recreational Sports Centers, , ,1 to 4,2,"Less Than $500,000","$112,000 ",38.9636002,-77.0753021,3
Chevy Chase Plaza Inc,5301 Wisconsin Ave NW,38.959312,-77.084436,3,799701,Recreation Centers,799701,Recreation Centers, , ,713940,Fitness & Recreational Sports Centers,713940,Fitness & Recreational Sports Centers, , ,5 to 9,5,"Less Than $500,000","$364,000 ",38.959301,-77.0843964,3
Commerce Occupational Health,1401 Constitution Ave NW,38.892094,-77.032019,2,799101,Health Clubs Studios & Gymnasiums,799101,Health Clubs Studios & Gymnasiums, , ,713940,Fitness & Recreational Sports Centers,713940,Fitness & Recreational Sports Centers, , ,1 to 4,3,"Less Than $500,000","$168,000 ",38.8921013,-77.0319977,2
Community Service Edgewood,2574 Naylor Rd SE,38.863921,-76.970572,7,799701,Recreation Centers,799701,Recreation Centers, , ,713940,Fitness & Recreational Sports Centers,713940,Fitness & Recreational Sports Centers, , ,1 to 4,2,"Less Than $500,000","$145,000 ",38.8638992,-76.9705963,7
Congress Heights Senior Wllnss,3500 Martin Luther King Jr Ave,38.84017,-77.004327,8,809921,Wellness Programs,799101,Health Clubs Studios & Gymnasiums,809921,Wellness Programs, , ,713940,Fitness & Recreational Sports Centers,621999,All Other Misc Ambulatory Health Care Services,5 to 9,6,$1-2.5 Million,"$1,053,000 ",38.8401985,-77.004303,8
Core Power Yoga,1055 T Jeffersn St NW # L14,38.903762,-77.059765,2,799949,Yoga Instruction,799101,Health Clubs Studios & Gymnasiums,799949,Yoga Instruction, , ,713940,Fitness & Recreational Sports Centers,611699,All Other Miscellaneous Schools & Instruction,1 to 4,2,"Less Than $500,000","$304,000 ",38.903801,-77.0597992,2
Corps Community Ctr,3335 Sherman Ave NW,38.93178,-77.02656,1,799935,Halls & Auditoriums,799935,Halls & Auditoriums, , ,713940,Fitness & Recreational Sports Centers,713940,Fitness & Recreational Sports Centers, , ,1 to 4,4,"$500,000-1 Million","$608,000 ",38.9318008,-77.0266037,1
Couturefit Fitness Svc,1075 19th St NW,38.903954,-77.043431,2,799106,Personal Trainers-Fitness,729901,Health & Fitness Program Consultants,729906,Exercise & Physical Fitness Programs,713940,Fitness & Recreational Sports Centers,812191,Diet & Weight Reducing Centers,812191,Diet & Weight Reducing Centers,1 to 4,1,"Less Than $500,000","$56,000 ",38.9039993,-77.0434036,2
Crew Club,1321 14th St NW,38.907995,-77.031894,2,799101,Health Clubs Studios & Gymnasiums,799101,Health Clubs Studios & Gymnasiums, , ,713940,Fitness & Recreational Sports Centers,713940,Fitness & Recreational Sports Centers, , ,10 to 19,13,"$500,000-1 Million","$728,000 ",38.9080009,-77.0318985,2
Cross Fit Balance,1111 14th St NW,38.904246,-77.031512,2,799101,Health Clubs Studios & Gymnasiums,799101,Health Clubs Studios & Gymnasiums, , ,713940,Fitness & Recreational Sports Centers,713940,Fitness & Recreational Sports Centers, , ,1 to 4,2,"Less Than $500,000","$112,000 ",38.9042015,-77.0315018,2
Cross Fit DC,1365 H St NE,38.900056,-76.986143,6,799101,Health Clubs Studios & Gymnasiums,799101,Health Clubs Studios & Gymnasiums, , ,713940,Fitness & Recreational Sports Centers,713940,Fitness & Recreational Sports Centers, , ,1 to 4,2,"Less Than $500,000","$112,000 ",38.9001007,-76.9860992,6
Cross Fit DC,1722 14th St NW # 2,38.913377,-77.03228,2,799101,Health Clubs Studios & Gymnasiums,799101,Health Clubs Studios & Gymnasiums,804101,Chiropractors DC,713940,Fitness & Recreational Sports Centers,713940,Fitness & Recreational Sports Centers,621310,Offices Of Chiropractors,1 to 4,2,"Less Than $500,000","$112,000 ",38.9133987,-77.0323029,2
Cross Fit Extreme Fitness,1401 New York Ave NW,38.899794,-77.032241,2,799101,Health Clubs Studios & Gymnasiums,799101,Health Clubs Studios & Gymnasiums, , ,713940,Fitness & Recreational Sports Centers,713940,Fitness & Recreational Sports Centers, , ,1 to 4,2,"Less Than $500,000","$112,000 ",38.8997993,-77.0322037,2
Cross Fit Hierarchy,1681 Kalorama Rd NW,38.921931,-77.038491,1,799101,Health Clubs Studios & Gymnasiums,799101,Health Clubs Studios & Gymnasiums, , ,713940,Fitness & Recreational Sports Centers,713940,Fitness & Recreational Sports Centers, , ,1 to 4,2,"Less Than $500,000","$112,000 ",38.9219017,-77.0384979,1
Cross Fit Inc,1250 Connecticut Ave NW # 200,38.906839,-77.042234,2,799101,Health Clubs Studios & Gymnasiums,679401,Franchising,799101,Health Clubs Studios & Gymnasiums,713940,Fitness & Recreational Sports Centers,533110,Lessors Of Non-Financial Intangible Assets,713940,Fitness & Recreational Sports Centers,1 to 4,3, ,$0 ,38.9067993,-77.0421982,2
Cross Fit Praxis,2217 14th St NW,38.919717,-77.031585,1,799101,Health Clubs Studios & Gymnasiums,799101,Health Clubs Studios & Gymnasiums, , ,713940,Fitness & Recreational Sports Centers,713940,Fitness & Recreational Sports Centers, , ,1 to 4,3,"Less Than $500,000","$168,000 ",38.9197006,-77.031601,1
Crunch,555 12th St NW # 5,38.896703,-77.027621,2,799101,Health Clubs Studios & Gymnasiums,596104,E-Commerce,799101,Health Clubs Studios & Gymnasiums,713940,Fitness & Recreational Sports Centers,454111,Electronic Shopping,713940,Fitness & Recreational Sports Centers,20 to 49,30,$1-2.5 Million,"$1,680,000 ",38.8967018,-77.0276031,2
Crunch,5100 Wisconsin Ave NW # A,38.956296,-77.084012,3,799101,Health Clubs Studios & Gymnasiums,596104,E-Commerce,799101,Health Clubs Studios & Gymnasiums,713940,Fitness & Recreational Sports Centers,454111,Electronic Shopping,713940,Fitness & Recreational Sports Centers,20 to 49,30,$1-2.5 Million,"$1,680,000 ",38.9562988,-77.0839996,3
D C Boxing & Fitness Inc,1000 New Jersey Ave SE,38.878066,-77.004062,6,799101,Health Clubs Studios & Gymnasiums,799101,Health Clubs Studios & Gymnasiums,799978,Boxing Instruction,713940,Fitness & Recreational Sports Centers,713940,Fitness & Recreational Sports Centers,611620,Sports & Recreation Instruction,5 to 9,8,"Less Than $500,000","$448,000 ",38.8781013,-77.004097,6
D C Dynasty Baseball,1008 Rittenhouse St NW # E,38.964722,-77.028228,4,799701,Recreation Centers,799701,Recreation Centers, , ,713940,Fitness & Recreational Sports Centers,713940,Fitness & Recreational Sports Centers, , ,1 to 4,3,"Less Than $500,000","$218,000 ",38.9646988,-77.0281982,4
Dc HA Park Morton Nghbrhd,620 Morton St NW,38.931944,-77.022226,1,799701,Recreation Centers,799701,Recreation Centers,832222,Youth Organizations & Centers,713940,Fitness & Recreational Sports Centers,713940,Fitness & Recreational Sports Centers,624110,Child & Youth Services,10 to 19,15,$1-2.5 Million,"$1,094,000 ",38.9319,-77.0222015,1
DCPPCC,3720 Upton St NW,38.941592,-77.07385,3,799101,Health Clubs Studios & Gymnasiums,799101,Health Clubs Studios & Gymnasiums,805102,Health Care Facilities,713940,Fitness & Recreational Sports Centers,713940,Fitness & Recreational Sports Centers,623110,Nursing Care Facilities (Skilled Nursing Fclts),5 to 9,9,"$500,000-1 Million","$504,000 ",38.9416008,-77.0738983,3
Definitions Personal Trainer,1050 Thomas Jefferson St NW,38.903483,-77.0604,2,799106,Personal Trainers-Fitness,799106,Personal Trainers-Fitness, , ,713940,Fitness & Recreational Sports Centers,713940,Fitness & Recreational Sports Centers, , ,1 to 4,2,"Less Than $500,000","$112,000 ",38.9034996,-77.0604019,2
Definitions Personal Training,1070 Thomas Jefferson St NW,38.90457,-77.060277,2,799106,Personal Trainers-Fitness,729906,Exercise & Physical Fitness Programs,799106,Personal Trainers-Fitness,713940,Fitness & Recreational Sports Centers,812191,Diet & Weight Reducing Centers,713940,Fitness & Recreational Sports Centers,5 to 9,8,"Less Than $500,000","$448,000 ",38.9045982,-77.0603027,2
Degeyndt Lieven,1240 Upshur St NW,38.941562,-77.027754,4,799101,Health Clubs Studios & Gymnasiums,799101,Health Clubs Studios & Gymnasiums, , ,713940,Fitness & Recreational Sports Centers,713940,Fitness & Recreational Sports Centers, , ,5 to 9,6,"Less Than $500,000","$336,000 ",38.9416008,-77.0278015,4
Dellfitness Personal Training,1070 Thomas Jefferson St NW,38.90457,-77.060277,2,799106,Personal Trainers-Fitness,799106,Personal Trainers-Fitness, , ,713940,Fitness & Recreational Sports Centers,713940,Fitness & Recreational Sports Centers, , ,1 to 4,1,"Less Than $500,000","$56,000 ",38.9045982,-77.0603027,2
Deshaye The Body Coach,5520 Connecticut Ave NW # Ll7,38.963649,-77.075322,3,804101,Chiropractors DC,729901,Health & Fitness Program Consultants,799106,Personal Trainers-Fitness, , ,812191,Diet & Weight Reducing Centers,713940,Fitness & Recreational Sports Centers,1 to 4,3,"Less Than $500,000","$347,000 ",38.9636002,-77.0753021,3
District Cross Fit,624 New York Ave NW,38.903009,-77.020714,6,799101,Health Clubs Studios & Gymnasiums,799101,Health Clubs Studios & Gymnasiums, , ,713940,Fitness & Recreational Sports Centers,713940,Fitness & Recreational Sports Centers, , ,1 to 4,2,"Less Than $500,000","$112,000 ",38.9029999,-77.0206985,6
District Cross Fit NW,639 New York Ave NW,38.903468,-77.021066,6,799101,Health Clubs Studios & Gymnasiums,799101,Health Clubs Studios & Gymnasiums,809907,Health Services,713940,Fitness & Recreational Sports Centers,713940,Fitness & Recreational Sports Centers,621999,All Other Misc Ambulatory Health Care Services,1 to 4,2,"Less Than $500,000","$112,000 ",38.9034996,-77.0211029,6
Dnv Rooftop,1155 14th St NW,38.905092,-77.031588,2,799969,Swimming Pools-Public,581208,Restaurants,581301,Bars, , ,722511,Full-Service Restaurants,722410,Drinking Places Alcoholic Beverages,5 to 9,9,$1-2.5 Million,"$1,369,000 ",38.9051018,-77.031601,2
Downtown Boxing Club,755 Gresham Pl NW,38.926574,-77.024922,1,799101,Health Clubs Studios & Gymnasiums,799101,Health Clubs Studios & Gymnasiums,799102,Gymnasiums,713940,Fitness & Recreational Sports Centers,713940,Fitness & Recreational Sports Centers,713940,Fitness & Recreational Sports Centers,1 to 4,1,"Less Than $500,000","$56,000 ",38.9266014,-77.0249023,1
East Potomac Tennis Ctr,1090 Ohio Dr SW,38.87527,-77.034146,2,449306,Marinas,449306,Marinas,799971,Tennis Courts-Public, , ,713930,Marinas,713940,Fitness & Recreational Sports Centers,10 to 19,10,$1-2.5 Million,"$2,097,000 ",38.8753014,-77.0341034,2
Elements Center Inc,2233 Wisconsin Ave NW # 217,38.919915,-77.070153,3,729906,Exercise & Physical Fitness Programs,729906,Exercise & Physical Fitness Programs,799107,Pilates, , ,812191,Diet & Weight Reducing Centers,713940,Fitness & Recreational Sports Centers,10 to 19,15,$2.5-5 Million,"$2,762,000 ",38.919899,-77.0701981,3
Elizabeth Arden Red Door Spa,1401 Pennsylvania Ave NW,38.89646,-77.032466,2,723119,Spas-Beauty & Day,723119,Spas-Beauty & Day,799105,Health Spas, , ,812112,Beauty Salons,713940,Fitness & Recreational Sports Centers,10 to 19,12,$1-2.5 Million,"$1,569,000 ",38.8964996,-77.0325012,2
Equinox Fitness Club,1170 22nd St NW,38.904451,-77.049134,2,799101,Health Clubs Studios & Gymnasiums,799101,Health Clubs Studios & Gymnasiums,799720,Sports Clubs,713940,Fitness & Recreational Sports Centers,713940,Fitness & Recreational Sports Centers,713990,All Other Amusement & Recreation Industries,50 to 99,80,$2.5-5 Million,"$4,480,000 ",38.9043999,-77.0491028,2
"Estee, Elle A",621 Pennsylvania Ave SE,38.885004,-76.997637,6,799101,Health Clubs Studios & Gymnasiums,799101,Health Clubs Studios & Gymnasiums, , ,713940,Fitness & Recreational Sports Centers,713940,Fitness & Recreational Sports Centers, , ,5 to 9,6,"Less Than $500,000","$336,000 ",38.8849983,-76.9975967,6
Events Dc,2400 E Capitol St NE,38.889634,-76.976524,7,799935,Halls & Auditoriums,738931,Convention & Meeting Facilities & Svc,738944,Events-Special,713940,Fitness & Recreational Sports Centers,561920,Convention & Trade Show Organizers,711310,Promoters With Facilities,20 to 49,25,$2.5-5 Million,"$3,803,000 ",38.8895988,-76.9765015,7
Evolution Personal Training,1224 M St NW # T,38.905419,-77.029001,2,799949,Yoga Instruction,729901,Health & Fitness Program Consultants,799106,Personal Trainers-Fitness, , ,812191,Diet & Weight Reducing Centers,713940,Fitness & Recreational Sports Centers,10 to 19,10,$1-2.5 Million,"$1,521,000 ",38.9053993,-77.0289993,2
Ferc Fitness Ctr,888 1st St NE,38.901654,-77.006004,6,799101,Health Clubs Studios & Gymnasiums,799101,Health Clubs Studios & Gymnasiums, , ,713940,Fitness & Recreational Sports Centers,713940,Fitness & Recreational Sports Centers, , ,1 to 4,2,"Less Than $500,000","$112,000 ",38.9016991,-77.0059967,6
Fit 4 Life DC,4400 Jenifer St NW # 200,38.958656,-77.0865,3,799106,Personal Trainers-Fitness,729906,Exercise & Physical Fitness Programs,799106,Personal Trainers-Fitness,713940,Fitness & Recreational Sports Centers,812191,Diet & Weight Reducing Centers,713940,Fitness & Recreational Sports Centers,1 to 4,4,"Less Than $500,000","$224,000 ",38.9586983,-77.0865021,3
Fit Club At Washington Ctr,1001 H St NE,38.900059,-76.992461,6,799101,Health Clubs Studios & Gymnasiums,701101,Hotels & Motels,799101,Health Clubs Studios & Gymnasiums,713940,Fitness & Recreational Sports Centers,721110,Hotels (Except Casino Hotels) & Motels,713940,Fitness & Recreational Sports Centers,5 to 9,6,"Less Than $500,000","$336,000 ",38.9001007,-76.9925003,6
Fit Physique Training Studio,3525 Connecticut Ave NW,38.935995,-77.058696,3,799101,Health Clubs Studios & Gymnasiums,729906,Exercise & Physical Fitness Programs,799101,Health Clubs Studios & Gymnasiums,713940,Fitness & Recreational Sports Centers,812191,Diet & Weight Reducing Centers,713940,Fitness & Recreational Sports Centers,20 to 49,25,$1-2.5 Million,"$1,400,000 ",38.9360008,-77.0587006,3
Fitness Factory,5926 Georgia Ave NW,38.962082,-77.028214,4,799101,Health Clubs Studios & Gymnasiums,799101,Health Clubs Studios & Gymnasiums, , ,713940,Fitness & Recreational Sports Centers,713940,Fitness & Recreational Sports Centers, , ,5 to 9,6,"Less Than $500,000","$336,000 ",38.962101,-77.0281982,4
Fitness Together,408 H St NE,38.900374,-77.000109,6,799106,Personal Trainers-Fitness,729901,Health & Fitness Program Consultants,729906,Exercise & Physical Fitness Programs, , ,812191,Diet & Weight Reducing Centers,812191,Diet & Weight Reducing Centers,1 to 4,4,"Less Than $500,000","$224,000 ",38.9003983,-77.0000992,6
Fitness Together,3222 N St NW # 2,38.906805,-77.064104,2,799106,Personal Trainers-Fitness,729901,Health & Fitness Program Consultants,729906,Exercise & Physical Fitness Programs, , ,812191,Diet & Weight Reducing Centers,812191,Diet & Weight Reducing Centers,1 to 4,4,"Less Than $500,000","$224,000 ",38.9067993,-77.0641022,2
Foho,1000 Independence Ave SW,38.887557,-77.026477,2,799101,Health Clubs Studios & Gymnasiums,799101,Health Clubs Studios & Gymnasiums, , ,713940,Fitness & Recreational Sports Centers,713940,Fitness & Recreational Sports Centers, , ,5 to 9,5,"Less Than $500,000","$280,000 ",38.8875999,-77.0264969,2
Fort Dupont Ice Hockey Club,PO Box 63505,38.891358,-76.95199,7,799705,Hockey Clubs,799705,Hockey Clubs, , ,713940,Fitness & Recreational Sports Centers,713940,Fitness & Recreational Sports Centers, , ,5 to 9,7,"$500,000-1 Million","$510,000 ",38.8913994,-76.9520035,7
Fort Dupont Ice Rink,3779 Ely Pl SE,38.882773,-76.947017,7,799901,Skating Rinks,799901,Skating Rinks, , ,713940,Fitness & Recreational Sports Centers,713940,Fitness & Recreational Sports Centers, , ,10 to 19,15,$1-2.5 Million,"$2,281,000 ",38.8828011,-76.9469986,7
Foundation Fitness,4380 Macarthur Blvd NW # 100,38.906567,-77.081568,3,799101,Health Clubs Studios & Gymnasiums,729901,Health & Fitness Program Consultants,799101,Health Clubs Studios & Gymnasiums,713940,Fitness & Recreational Sports Centers,812191,Diet & Weight Reducing Centers,713940,Fitness & Recreational Sports Centers,1 to 4,3,"Less Than $500,000","$168,000 ",38.906601,-77.0815964,3
Four Seasons Fitness Club,2800 Pennsylvania Ave NW,38.904607,-77.057562,2,799101,Health Clubs Studios & Gymnasiums,799101,Health Clubs Studios & Gymnasiums, , ,713940,Fitness & Recreational Sports Centers,713940,Fitness & Recreational Sports Centers, , ,10 to 19,12,"$500,000-1 Million","$672,000 ",38.9045982,-77.0576019,2
From The Core Studios Damara,3111 Georgia Ave NW,38.92941,-77.023022,1,799101,Health Clubs Studios & Gymnasiums,799101,Health Clubs Studios & Gymnasiums, , ,713940,Fitness & Recreational Sports Centers,713940,Fitness & Recreational Sports Centers, , ,5 to 9,8,"Less Than $500,000","$448,000 ",38.9294014,-77.0230026,1
Fuel Pilates,3214 O St NW # 1,38.907716,-77.064108,2,799107,Pilates,517206,Oils-Fuel (Whls),729906,Exercise & Physical Fitness Programs,713940,Fitness & Recreational Sports Centers,424720,Other Petroleum Merchant Wholesale,812191,Diet & Weight Reducing Centers,5 to 9,5,"Less Than $500,000","$280,000 ",38.9076996,-77.0641022,2
Fuse 360 II LLC,1401 14th St NW,38.908891,-77.031893,2,799107,Pilates,799101,Health Clubs Studios & Gymnasiums,799107,Pilates, , ,713940,Fitness & Recreational Sports Centers,713940,Fitness & Recreational Sports Centers,1 to 4,1,"Less Than $500,000","$56,000 ",38.9089012,-77.0318985,2
Fuse Pilates,2008 Hillyer Pl NW,38.911719,-77.045373,2,799107,Pilates,729906,Exercise & Physical Fitness Programs,799107,Pilates,713940,Fitness & Recreational Sports Centers,812191,Diet & Weight Reducing Centers,713940,Fitness & Recreational Sports Centers,5 to 9,5,"Less Than $500,000","$280,000 ",38.9117012,-77.0454025,2
Georgeto Fitness Studi,2639 Connecticut Ave NW # 25,38.937467,-77.060131,3,799101,Health Clubs Studios & Gymnasiums,729901,Health & Fitness Program Consultants,799101,Health Clubs Studios & Gymnasiums,713940,Fitness & Recreational Sports Centers,812191,Diet & Weight Reducing Centers,713940,Fitness & Recreational Sports Centers,5 to 9,8,"Less Than $500,000","$448,000 ",38.9375,-77.0600967,3
Georgetown Fitness Studio,5520 Connecticut Ave NW # 14,38.963649,-77.075322,3,799101,Health Clubs Studios & Gymnasiums,729901,Health & Fitness Program Consultants,799101,Health Clubs Studios & Gymnasiums,713940,Fitness & Recreational Sports Centers,812191,Diet & Weight Reducing Centers,713940,Fitness & Recreational Sports Centers,5 to 9,6,"Less Than $500,000","$336,000 ",38.9636002,-77.0753021,3
Georgetown Pilates,1230 1/2 31st St NW,38.905942,-77.061206,2,799107,Pilates,729906,Exercise & Physical Fitness Programs,799107,Pilates,713940,Fitness & Recreational Sports Centers,812191,Diet & Weight Reducing Centers,713940,Fitness & Recreational Sports Centers,5 to 9,5,"Less Than $500,000","$280,000 ",38.905899,-77.061203,2
Glorious Health Club & Art,2120 W Virginia Ave NE,38.916233,-76.979879,5,799101,Health Clubs Studios & Gymnasiums,799101,Health Clubs Studios & Gymnasiums, , ,713940,Fitness & Recreational Sports Centers,713940,Fitness & Recreational Sports Centers, , ,5 to 9,6,"Less Than $500,000","$336,000 ",38.9161987,-76.9798965,5
GMCHC Family Life Comm Ctr,605 Rhode Island Ave NE,38.906467,-77.016954,6,799935,Halls & Auditoriums,799935,Halls & Auditoriums,866107,Churches,713940,Fitness & Recreational Sports Centers,713940,Fitness & Recreational Sports Centers,813110,Religious Organizations,1 to 4,2,"Less Than $500,000","$304,000 ",38.9065018,-77.0169983,6
Gold's Gym,409 3rd St SW # 120,38.884748,-77.015698,6,799101,Health Clubs Studios & Gymnasiums,729906,Exercise & Physical Fitness Programs,799101,Health Clubs Studios & Gymnasiums,713940,Fitness & Recreational Sports Centers,812191,Diet & Weight Reducing Centers,713940,Fitness & Recreational Sports Centers,50 to 99,50,$2.5-5 Million,"$2,800,000 ",38.8847008,-77.0157013,6
Gold's Gym,1075 19th St NW,38.903954,-77.043431,2,799101,Health Clubs Studios & Gymnasiums,729906,Exercise & Physical Fitness Programs,799101,Health Clubs Studios & Gymnasiums,713940,Fitness & Recreational Sports Centers,812191,Diet & Weight Reducing Centers,713940,Fitness & Recreational Sports Centers,5 to 9,6,"Less Than $500,000","$336,000 ",38.9039993,-77.0434036,2
Gold's Gym,4310 Connecticut Ave NW,38.945787,-77.065015,3,799101,Health Clubs Studios & Gymnasiums,729901,Health & Fitness Program Consultants,729906,Exercise & Physical Fitness Programs,713940,Fitness & Recreational Sports Centers,812191,Diet & Weight Reducing Centers,812191,Diet & Weight Reducing Centers,20 to 49,21,$1-2.5 Million,"$1,176,000 ",38.9458008,-77.0650024,3
Hard Training Club LLC,1726 Kalorama Rd NW,38.920714,-77.039742,1,799101,Health Clubs Studios & Gymnasiums,799101,Health Clubs Studios & Gymnasiums,864108,Clubs,713940,Fitness & Recreational Sports Centers,713940,Fitness & Recreational Sports Centers,813410,Civil & Social Organizations,20 to 49,20,$1-2.5 Million,"$1,120,000 ",38.9207001,-77.0397034,1
Higher Ground Fitness,3220 17th St NW,38.932282,-77.039175,1,799106,Personal Trainers-Fitness,799101,Health Clubs Studios & Gymnasiums,799106,Personal Trainers-Fitness, , ,713940,Fitness & Recreational Sports Centers,713940,Fitness & Recreational Sports Centers,5 to 9,5,"Less Than $500,000","$280,000 ",38.9323006,-77.0391998,1
Huggys Personal Training Std,4000 Albemarle St NW # 201,38.947506,-77.0791,3,799101,Health Clubs Studios & Gymnasiums,799101,Health Clubs Studios & Gymnasiums, , ,713940,Fitness & Recreational Sports Centers,713940,Fitness & Recreational Sports Centers, , ,5 to 9,6,"Less Than $500,000","$336,000 ",38.9474983,-77.0791016,3
Israel Manor Inc,1251 Saratoga Ave NE,38.921798,-76.989413,5,799935,Halls & Auditoriums,799935,Halls & Auditoriums,866110,Religious Organizations,713940,Fitness & Recreational Sports Centers,713940,Fitness & Recreational Sports Centers,813110,Religious Organizations,5 to 9,6,"$500,000-1 Million","$912,000 ",38.9217987,-76.9894028,5
Jade Fitness,1310 Pennsylvania Ave SE,38.881543,-76.987792,6,799101,Health Clubs Studios & Gymnasiums,799101,Health Clubs Studios & Gymnasiums, , ,713940,Fitness & Recreational Sports Centers,713940,Fitness & Recreational Sports Centers, , ,10 to 19,19,$1-2.5 Million,"$1,064,000 ",38.8815002,-76.9878006,6
Joe Cole Recreation Ctr,1200 Morse St NE,38.901917,-76.993775,6,799701,Recreation Centers,799701,Recreation Centers, , ,713940,Fitness & Recreational Sports Centers,713940,Fitness & Recreational Sports Centers, , ,5 to 9,6,"Less Than $500,000","$437,000 ",38.9019012,-76.9937973,6
Jones4fitness Pt,Utah Ave NW,38.966688,-77.066007,4,799106,Personal Trainers-Fitness,729906,Exercise & Physical Fitness Programs,799106,Personal Trainers-Fitness,713940,Fitness & Recreational Sports Centers,812191,Diet & Weight Reducing Centers,713940,Fitness & Recreational Sports Centers,20 to 49,25,$1-2.5 Million,"$1,400,000 ",38.9667015,-77.0660019,4
Josephine Butler Parks Ctr,2437 15th St NW,38.922501,-77.034909,1,799951,Parks,78107,Park Planning,799701,Recreation Centers, , ,541690,Other Scientific & Technical Consulting Services,713940,Fitness & Recreational Sports Centers,1 to 4,3, ,$0 ,38.9225006,-77.0348969,1
Joy Of Motion Dance Ctr,1333 H St NE,38.899702,-76.98738,6,791101,Dancing Instruction,791101,Dancing Instruction,799101,Health Clubs Studios & Gymnasiums, , ,611610,Fine Art Schools,713940,Fitness & Recreational Sports Centers,5 to 9,5,"Less Than $500,000","$429,000 ",38.8997002,-76.9873962,6
Joy-Motion Dance Ctr Training,5207 Wisconsin Ave NW,38.957491,-77.08371,3,791101,Dancing Instruction,791101,Dancing Instruction,799101,Health Clubs Studios & Gymnasiums, , ,611610,Fine Art Schools,713940,Fitness & Recreational Sports Centers,10 to 19,15,$1-2.5 Million,"$1,289,000 ",38.9575005,-77.0837021,3
Kinesis,3271 M St NW,38.905282,-77.064978,2,799101,Health Clubs Studios & Gymnasiums,799101,Health Clubs Studios & Gymnasiums, , ,713940,Fitness & Recreational Sports Centers,713940,Fitness & Recreational Sports Centers, , ,5 to 9,6,"Less Than $500,000","$336,000 ",38.9053001,-77.0650024,2
"Koebke, Robert",1722 I Washington,38.906331,-77.041391,2,799101,Health Clubs Studios & Gymnasiums,799101,Health Clubs Studios & Gymnasiums, , ,713940,Fitness & Recreational Sports Centers,713940,Fitness & Recreational Sports Centers, , ,5 to 9,6,"Less Than $500,000","$336,000 ",38.9062996,-77.0413971,2
LA Fitness,1101 Connecticut Ave NW # 1,38.904021,-77.03968,2,799101,Health Clubs Studios & Gymnasiums,729906,Exercise & Physical Fitness Programs,799101,Health Clubs Studios & Gymnasiums,713940,Fitness & Recreational Sports Centers,812191,Diet & Weight Reducing Centers,713940,Fitness & Recreational Sports Centers,20 to 49,25,$1-2.5 Million,"$1,400,000 ",38.9039993,-77.0397034,2
LA Fitness,2000 L St NW,38.903405,-77.045785,2,799101,Health Clubs Studios & Gymnasiums,729906,Exercise & Physical Fitness Programs,799101,Health Clubs Studios & Gymnasiums,713940,Fitness & Recreational Sports Centers,812191,Diet & Weight Reducing Centers,713940,Fitness & Recreational Sports Centers,20 to 49,30,$1-2.5 Million,"$1,680,000 ",38.9034004,-77.0457993,2
Livingwell Health Club At WA,1919 Connecticut Ave NW,38.916124,-77.045219,1,799101,Health Clubs Studios & Gymnasiums,799101,Health Clubs Studios & Gymnasiums,999966,Federal Government Contractors,713940,Fitness & Recreational Sports Centers,713940,Fitness & Recreational Sports Centers,999990,Unclassified Establishments,10 to 19,16,"$500,000-1 Million","$896,000 ",38.9160995,-77.0451965,1
M E Segal Co Inc,1039 Lawrence St NE,38.930908,-76.991148,5,752102,Parking Stations & Garages,752102,Parking Stations & Garages,799101,Health Clubs Studios & Gymnasiums, , ,812930,Parking Lots & Garages,713940,Fitness & Recreational Sports Centers,5 to 9,5,$1-2.5 Million,"$1,027,000 ",38.9309006,-76.9910965,5
Marvin Gaye Recreation Ctr,6201 Banks Pl NE,38.891357,-76.912492,7,799701,Recreation Centers,799701,Recreation Centers, , ,713940,Fitness & Recreational Sports Centers,713940,Fitness & Recreational Sports Centers, , ,1 to 4,3,"Less Than $500,000","$218,000 ",38.8913994,-76.9124985,7
Mc Lean Gardens,3611 38th St NW,38.937756,-77.074576,3,799704,Swimming Pools-Private,799704,Swimming Pools-Private, , ,713940,Fitness & Recreational Sports Centers,713940,Fitness & Recreational Sports Centers, , ,10 to 19,11,"$500,000-1 Million","$802,000 ",38.9378014,-77.0746002,3
Metamorphitness Cross Fit,1469 Church St NW,38.91057,-77.033846,2,799101,Health Clubs Studios & Gymnasiums,799101,Health Clubs Studios & Gymnasiums, , ,713940,Fitness & Recreational Sports Centers,713940,Fitness & Recreational Sports Centers, , ,1 to 4,2,"Less Than $500,000","$112,000 ",38.9105988,-77.0337982,2
Metro D C Community Ctr,2000 14th St NW,38.917564,-77.032504,1,839908,Human Services Organizations,799935,Halls & Auditoriums,839908,Human Services Organizations, , ,713940,Fitness & Recreational Sports Centers,813311,Human Rights Organizations,5 to 9,6, ,$0 ,38.9175987,-77.0325012,1
Metro Dc Community Ctr,1318 U St NW,38.916963,-77.030052,1,799935,Halls & Auditoriums,799935,Halls & Auditoriums, , ,713940,Fitness & Recreational Sports Centers,713940,Fitness & Recreational Sports Centers, , ,1 to 4,4,"$500,000-1 Million","$608,000 ",38.9169998,-77.030098,1
Metroplex Health & Nutrition,804 Rittenhouse St NW,38.964774,-77.024753,4,799101,Health Clubs Studios & Gymnasiums,799101,Health Clubs Studios & Gymnasiums,804909,Nutritionists,713940,Fitness & Recreational Sports Centers,713940,Fitness & Recreational Sports Centers,621399,Offices Of All Other Misc Health Practitioners,1 to 4,4,"Less Than $500,000","$224,000 ",38.9648018,-77.0246964,4
Mint,1001 16th St NW,38.902728,-77.03649,2,799101,Health Clubs Studios & Gymnasiums,799101,Health Clubs Studios & Gymnasiums, , ,713940,Fitness & Recreational Sports Centers,713940,Fitness & Recreational Sports Centers, , ,5 to 9,6,"Less Than $500,000","$336,000 ",38.9026985,-77.036499,2
Mint,1724 California St NW,38.917538,-77.0409,1,799102,Gymnasiums,799101,Health Clubs Studios & Gymnasiums,799102,Gymnasiums, , ,713940,Fitness & Recreational Sports Centers,713940,Fitness & Recreational Sports Centers,20 to 49,40,$1-2.5 Million,"$2,240,000 ",38.9174995,-77.0409012,1
Newcomer Community Svc Ctr Inc,1628 16th St NW # 316,38.912119,-77.037147,2,839998,Non-Profit Organizations,799701,Recreation Centers,839998,Non-Profit Organizations, , ,713940,Fitness & Recreational Sports Centers,813319,Other Social Advocacy Organizations,5 to 9,6, ,$0 ,38.9121017,-77.0371017,2
Northwest Sport & Health,4001 Brandywine St NW # 2,38.950038,-77.079461,3,799102,Gymnasiums,729995,Yoga,799101,Health Clubs Studios & Gymnasiums, , ,812191,Diet & Weight Reducing Centers,713940,Fitness & Recreational Sports Centers,50 to 99,80,$2.5-5 Million,"$4,480,000 ",38.9500008,-77.0794983,3
Old City Crossfit,810 H St NE,38.900346,-76.994395,6,799101,Health Clubs Studios & Gymnasiums,729934,Weight Control Services,799101,Health Clubs Studios & Gymnasiums,713940,Fitness & Recreational Sports Centers,812191,Diet & Weight Reducing Centers,713940,Fitness & Recreational Sports Centers,1 to 4,2,"Less Than $500,000","$112,000 ",38.9002991,-76.9944,6
One To One Fitness,555 13th St NW # C112,38.896881,-77.028594,2,799101,Health Clubs Studios & Gymnasiums,594136,Exercise Equipment-Retail,729906,Exercise & Physical Fitness Programs,713940,Fitness & Recreational Sports Centers,451110,Sporting Goods Stores,812191,Diet & Weight Reducing Centers,10 to 19,10,"$500,000-1 Million","$560,000 ",38.8969002,-77.0286026,2
One To One Fitness Ctr,1750 K St NW # 1,38.902184,-77.04071,2,799101,Health Clubs Studios & Gymnasiums,729906,Exercise & Physical Fitness Programs,799101,Health Clubs Studios & Gymnasiums,713940,Fitness & Recreational Sports Centers,812191,Diet & Weight Reducing Centers,713940,Fitness & Recreational Sports Centers,10 to 19,15,"$500,000-1 Million","$840,000 ",38.9021988,-77.0407028,2
Orangetheory Fitness,425 I St NW,38.901346,-77.016499,6,799101,Health Clubs Studios & Gymnasiums,799101,Health Clubs Studios & Gymnasiums, , ,713940,Fitness & Recreational Sports Centers,713940,Fitness & Recreational Sports Centers, , ,5 to 9,8,"Less Than $500,000","$448,000 ",38.9012985,-77.0165024,6
Oriental Oasis,1090 Vermont Ave NW # 2,38.90336,-77.033631,2,799105,Health Spas,723119,Spas-Beauty & Day,799105,Health Spas,713940,Fitness & Recreational Sports Centers,812112,Beauty Salons,713940,Fitness & Recreational Sports Centers,10 to 19,16,"$500,000-1 Million","$896,000 ",38.9034004,-77.0335999,2
P Spot,518 10th St NE,38.896903,-76.99279,6,799101,Health Clubs Studios & Gymnasiums,513705,Women's Apparel-Wholesale,799101,Health Clubs Studios & Gymnasiums,713940,Fitness & Recreational Sports Centers,424330,Womens Children/Infnt Clothing/Acces Mrchnt Whlsrs,713940,Fitness & Recreational Sports Centers,5 to 9,8,"Less Than $500,000","$448,000 ",38.8969002,-76.9927979,6
P Spot LLC,617 Rhode Island Ave NE,38.920485,-76.997286,5,799101,Health Clubs Studios & Gymnasiums,799101,Health Clubs Studios & Gymnasiums, , ,713940,Fitness & Recreational Sports Centers,713940,Fitness & Recreational Sports Centers, , ,5 to 9,6,"Less Than $500,000","$336,000 ",38.9205017,-76.9972992,5
Past Tense,3253 Mount Pleasant St NW,38.932364,-77.038592,1,799101,Health Clubs Studios & Gymnasiums,799101,Health Clubs Studios & Gymnasiums, , ,713940,Fitness & Recreational Sports Centers,713940,Fitness & Recreational Sports Centers, , ,20 to 49,20,$1-2.5 Million,"$1,120,000 ",38.9323997,-77.0385971,1
Planet Fitness,1406 Okie St NE,38.914787,-76.983996,5,799101,Health Clubs Studios & Gymnasiums,799101,Health Clubs Studios & Gymnasiums, , ,713940,Fitness & Recreational Sports Centers,713940,Fitness & Recreational Sports Centers, , ,10 to 19,10,"$500,000-1 Million","$560,000 ",38.9147987,-76.9840012,5
Pole Pressure,1322 14th St NW # 2,38.908003,-77.032272,2,799101,Health Clubs Studios & Gymnasiums,799101,Health Clubs Studios & Gymnasiums, , ,713940,Fitness & Recreational Sports Centers,713940,Fitness & Recreational Sports Centers, , ,20 to 49,20,$1-2.5 Million,"$1,120,000 ",38.9080009,-77.0323029,2
Potomac Pilates,5185 Macarthur Blvd NW,38.926735,-77.102845,3,799107,Pilates,799107,Pilates, , ,713940,Fitness & Recreational Sports Centers,713940,Fitness & Recreational Sports Centers, , ,1 to 4,3,"Less Than $500,000","$168,000 ",38.9267006,-77.1027985,3
Primal Fitness,219 M St NW,38.905823,-77.014252,6,799106,Personal Trainers-Fitness,799106,Personal Trainers-Fitness, , ,713940,Fitness & Recreational Sports Centers,713940,Fitness & Recreational Sports Centers, , ,1 to 4,3,"Less Than $500,000","$168,000 ",38.9057999,-77.0142975,6
Pure Barre,407 8th St SE # B,38.883432,-76.995243,6,799101,Health Clubs Studios & Gymnasiums,799101,Health Clubs Studios & Gymnasiums, , ,713940,Fitness & Recreational Sports Centers,713940,Fitness & Recreational Sports Centers, , ,20 to 49,20,$1-2.5 Million,"$1,120,000 ",38.8834,-76.9952011,6
Pure Barre,2130 P St NW # 2,38.909594,-77.048117,2,799101,Health Clubs Studios & Gymnasiums,596104,E-Commerce,729906,Exercise & Physical Fitness Programs,713940,Fitness & Recreational Sports Centers,454111,Electronic Shopping,812191,Diet & Weight Reducing Centers,5 to 9,6,"Less Than $500,000","$336,000 ",38.9095993,-77.0481033,2
Pure Barre,3308 Wisconsin Ave NW,38.933726,-77.072474,3,799101,Health Clubs Studios & Gymnasiums,799101,Health Clubs Studios & Gymnasiums, , ,713940,Fitness & Recreational Sports Centers,713940,Fitness & Recreational Sports Centers, , ,5 to 9,6,"Less Than $500,000","$336,000 ",38.9337006,-77.0725021,3
Quantum Physical Therapy,2130 P St NW # Level,38.909594,-77.048117,2,799107,Pilates,729906,Exercise & Physical Fitness Programs,729917,Massage Therapists, , ,812191,Diet & Weight Reducing Centers,812199,Other Personal Care Services,10 to 19,15,"$500,000-1 Million","$840,000 ",38.9095993,-77.0481033,2
Quantum Pilates,2130 P St NW,38.909594,-77.048117,2,799107,Pilates,729906,Exercise & Physical Fitness Programs,729917,Massage Therapists,713940,Fitness & Recreational Sports Centers,812191,Diet & Weight Reducing Centers,812199,Other Personal Care Services,5 to 9,5,"Less Than $500,000","$280,000 ",38.9095993,-77.0481033,2
Reformation Fitness,1300 9th St NW,38.907374,-77.024158,2,799101,Health Clubs Studios & Gymnasiums,799101,Health Clubs Studios & Gymnasiums,799102,Gymnasiums,713940,Fitness & Recreational Sports Centers,713940,Fitness & Recreational Sports Centers,713940,Fitness & Recreational Sports Centers,20 to 49,20,$1-2.5 Million,"$1,120,000 ",38.9073982,-77.0242004,2
Rock Creek Park Tennis Ctr,4850 Colorado Ave NW,38.950862,-77.038441,4,799971,Tennis Courts-Public,799971,Tennis Courts-Public, , ,713940,Fitness & Recreational Sports Centers,713940,Fitness & Recreational Sports Centers, , ,10 to 19,11,$1-2.5 Million,"$1,673,000 ",38.950901,-77.0383987,4
Satori Sports, ,38.920243,-77.037092,1,729906,Exercise & Physical Fitness Programs,729906,Exercise & Physical Fitness Programs,799106,Personal Trainers-Fitness, , ,812191,Diet & Weight Reducing Centers,713940,Fitness & Recreational Sports Centers,5 to 9,6,$1-2.5 Million,"$1,104,000 ",38.9202003,-77.0371017,1
Silhouettes Fitness,3220 17th St NW,38.932282,-77.039175,1,799101,Health Clubs Studios & Gymnasiums,799101,Health Clubs Studios & Gymnasiums, , ,713940,Fitness & Recreational Sports Centers,713940,Fitness & Recreational Sports Centers, , ,20 to 49,20,$1-2.5 Million,"$1,120,000 ",38.9323006,-77.0391998,1
Sitar Arts Ctr,1700 Kalorama Rd NW # 101,38.920868,-77.039181,1,841202,Arts Organizations & Information,799935,Halls & Auditoriums,841202,Arts Organizations & Information, , ,713940,Fitness & Recreational Sports Centers,712110,Museums,5 to 9,9, ,$0 ,38.9208984,-77.0391998,1
Solid Core,1821 7th St NW,38.914862,-77.021856,1,799101,Health Clubs Studios & Gymnasiums,799101,Health Clubs Studios & Gymnasiums, , ,713940,Fitness & Recreational Sports Centers,713940,Fitness & Recreational Sports Centers, , ,5 to 9,8,"Less Than $500,000","$448,000 ",38.9149017,-77.0218964,1
Soul Cycle,2301 M St NW,38.905638,-77.050379,2,799101,Health Clubs Studios & Gymnasiums,799101,Health Clubs Studios & Gymnasiums, , ,713940,Fitness & Recreational Sports Centers,713940,Fitness & Recreational Sports Centers, , ,5 to 9,8,"Less Than $500,000","$448,000 ",38.9056015,-77.0503998,2
Sport & Health,4000 Wisconsin Ave NW # B,38.94159,-77.077173,3,799102,Gymnasiums,594113,Sporting Goods-Retail,729995,Yoga, , ,451110,Sporting Goods Stores,812191,Diet & Weight Reducing Centers,50 to 99,60,$2.5-5 Million,"$3,360,000 ",38.9416008,-77.0772018,3
Squash On Fire,1170 22nd St NW,38.904451,-77.049134,2,799711,Squash Courts-Private,799711,Squash Courts-Private, , ,713940,Fitness & Recreational Sports Centers,713940,Fitness & Recreational Sports Centers, , ,5 to 9,5,"Less Than $500,000","$364,000 ",38.9043999,-77.0491028,2
St John's Community Ctr,2100 M St NW,38.905619,-77.046625,2,799935,Halls & Auditoriums,799935,Halls & Auditoriums, , ,713940,Fitness & Recreational Sports Centers,713940,Fitness & Recreational Sports Centers, , ,5 to 9,5,"$500,000-1 Million","$760,000 ",38.9056015,-77.0466003,2
Stacie B Isenberg Psyd Pllc,5028 Wisconsin Ave NW,38.955518,-77.083465,3,804922,Psychologists,799101,Health Clubs Studios & Gymnasiums,804922,Psychologists, , ,713940,Fitness & Recreational Sports Centers,621399,Offices Of All Other Misc Health Practitioners,1 to 4,4,"Less Than $500,000","$411,000 ",38.9555016,-77.0835037,3
Star Clinic,1112 16th St NW # 200,38.904211,-77.036971,2,801102,Sports Medicine & Injuries,799101,Health Clubs Studios & Gymnasiums,801102,Sports Medicine & Injuries, , ,713940,Fitness & Recreational Sports Centers,621111,Offices Of Physicians (Exc Mental Health Specs),1 to 4,4,"$500,000-1 Million","$888,000 ",38.9042015,-77.0370026,2
Sutton Tower Racquet Club,3101 New Mexico Ave NW,38.932717,-77.082834,3,799702,Racquetball Courts-Private,799702,Racquetball Courts-Private, , ,713940,Fitness & Recreational Sports Centers,713940,Fitness & Recreational Sports Centers, , ,1 to 4,4,"Less Than $500,000","$291,000 ",38.9327011,-77.0828018,3
Taft Recreation Ctr,1800 Perry St NE,38.936217,-76.979834,5,799701,Recreation Centers,799701,Recreation Centers, , ,713940,Fitness & Recreational Sports Centers,713940,Fitness & Recreational Sports Centers, , ,1 to 4,3,"Less Than $500,000","$218,000 ",38.9361992,-76.9797974,5
Techworld Swim & Fitness Club,999 9th St NW,38.901676,-77.023496,2,799101,Health Clubs Studios & Gymnasiums,799101,Health Clubs Studios & Gymnasiums, , ,713940,Fitness & Recreational Sports Centers,713940,Fitness & Recreational Sports Centers, , ,5 to 9,8,"Less Than $500,000","$448,000 ",38.9016991,-77.0234985,2
THEARC,1901 Mississippi Ave SE,38.84262,-76.976511,8,801104,Clinics,799701,Recreation Centers,801104,Clinics, , ,713940,Fitness & Recreational Sports Centers,621493,Freestanding Ambulatory Surgical & Emergency Ctrs,10 to 19,10,$1-2.5 Million,"$2,222,000 ",38.8426018,-76.9765015,8
Thomas Circle Fitness Ctr,1 Thomas Cir NW,38.905279,-77.032779,2,799101,Health Clubs Studios & Gymnasiums,799101,Health Clubs Studios & Gymnasiums, , ,713940,Fitness & Recreational Sports Centers,713940,Fitness & Recreational Sports Centers, , ,5 to 9,8,"Less Than $500,000","$448,000 ",38.9053001,-77.0327988,2
Thomas Circle Sports Club,1339 Green Ct NW,38.904593,-77.031043,2,799101,Health Clubs Studios & Gymnasiums,729906,Exercise & Physical Fitness Programs,799101,Health Clubs Studios & Gymnasiums,713940,Fitness & Recreational Sports Centers,812191,Diet & Weight Reducing Centers,713940,Fitness & Recreational Sports Centers,10 to 19,14,"$500,000-1 Million","$784,000 ",38.9045982,-77.0309982,2
Thurgood Marshall Rec Ctr,31st & Lincoln Dr NE,38.833251,-77.002986,8,799701,Recreation Centers,799701,Recreation Centers, , ,713940,Fitness & Recreational Sports Centers,713940,Fitness & Recreational Sports Centers, , ,5 to 9,6,"Less Than $500,000","$437,000 ",38.8333015,-77.0029984,8
Tony's Boxing Gym,1216 Mount Olivet Rd NE,38.910409,-76.984934,5,799101,Health Clubs Studios & Gymnasiums,799101,Health Clubs Studios & Gymnasiums,799102,Gymnasiums,713940,Fitness & Recreational Sports Centers,713940,Fitness & Recreational Sports Centers,713940,Fitness & Recreational Sports Centers,1 to 4,4,"Less Than $500,000","$224,000 ",38.9104004,-76.9849014,5
Tool Box,1621 Connecticut Ave NW,38.911855,-77.044249,2,799107,Pilates,525115,Tools-New & Used,799107,Pilates,713940,Fitness & Recreational Sports Centers,444130,Hardware Stores,713940,Fitness & Recreational Sports Centers,5 to 9,5,"Less Than $500,000","$280,000 ",38.9118996,-77.0442963,2
True 180 Fitness,1070 Thomas Jefferson St NW,38.90457,-77.060277,2,799106,Personal Trainers-Fitness,729906,Exercise & Physical Fitness Programs,729934,Weight Control Services, , ,812191,Diet & Weight Reducing Centers,812191,Diet & Weight Reducing Centers,5 to 9,5,"Less Than $500,000","$280,000 ",38.9045982,-77.0603027,2
Ultimate Results,3050 K St NW # 140,38.902211,-77.060566,2,799101,Health Clubs Studios & Gymnasiums,799101,Health Clubs Studios & Gymnasiums, , ,713940,Fitness & Recreational Sports Centers,713940,Fitness & Recreational Sports Centers, , ,5 to 9,8,"Less Than $500,000","$448,000 ",38.9021988,-77.0606003,2
Vengo Cycle,1508 14th St NW,38.909989,-77.032281,2,799101,Health Clubs Studios & Gymnasiums,799101,Health Clubs Studios & Gymnasiums, , ,713940,Fitness & Recreational Sports Centers,713940,Fitness & Recreational Sports Centers, , ,5 to 9,8,"Less Than $500,000","$448,000 ",38.9099998,-77.0323029,2
Victory Youth Ctr,4265 4th St SE,38.827878,-77.000627,8,799101,Health Clubs Studios & Gymnasiums,799101,Health Clubs Studios & Gymnasiums,799102,Gymnasiums,713940,Fitness & Recreational Sports Centers,713940,Fitness & Recreational Sports Centers,713940,Fitness & Recreational Sports Centers,1 to 4,3,"Less Than $500,000","$168,000 ",38.8278999,-77.0006027,8
Vida Fitness,445 K St NW,38.902569,-77.017422,6,799101,Health Clubs Studios & Gymnasiums,799101,Health Clubs Studios & Gymnasiums, , ,713940,Fitness & Recreational Sports Centers,713940,Fitness & Recreational Sports Centers, , ,5 to 9,8,"Less Than $500,000","$448,000 ",38.9025993,-77.0174026,6
Vida Fitness,1517 15th St NW,38.910214,-77.034516,2,799101,Health Clubs Studios & Gymnasiums,799101,Health Clubs Studios & Gymnasiums, , ,713940,Fitness & Recreational Sports Centers,713940,Fitness & Recreational Sports Centers, , ,5 to 9,8,"Less Than $500,000","$448,000 ",38.9101982,-77.0345001,2
Vida Fitness,1612 U St NW # 400,38.916733,-77.037614,2,799101,Health Clubs Studios & Gymnasiums,799101,Health Clubs Studios & Gymnasiums, , ,713940,Fitness & Recreational Sports Centers,713940,Fitness & Recreational Sports Centers, , ,5 to 9,6,"Less Than $500,000","$336,000 ",38.9166985,-77.0375977,2
Vida Fitness,601 F St NW,38.897442,-77.020905,2,799101,Health Clubs Studios & Gymnasiums,729906,Exercise & Physical Fitness Programs,799101,Health Clubs Studios & Gymnasiums,713940,Fitness & Recreational Sports Centers,812191,Diet & Weight Reducing Centers,713940,Fitness & Recreational Sports Centers,20 to 49,40,$1-2.5 Million,"$2,240,000 ",38.8973999,-77.0208969,2
Vida Fitness Navy Yard,1212 4th St SE,38.875281,-77.000507,6,799101,Health Clubs Studios & Gymnasiums,78206,Lawn & Grounds Maintenance,799101,Health Clubs Studios & Gymnasiums,713940,Fitness & Recreational Sports Centers,561730,Landscaping Services,713940,Fitness & Recreational Sports Centers,5 to 9,8,"Less Than $500,000","$448,000 ",38.8753014,-77.0005035,6
Vida Fitness Renaissance,999 9th St NW,38.901676,-77.023496,2,799101,Health Clubs Studios & Gymnasiums,799101,Health Clubs Studios & Gymnasiums, , ,713940,Fitness & Recreational Sports Centers,713940,Fitness & Recreational Sports Centers, , ,5 to 9,8,"Less Than $500,000","$448,000 ",38.9016991,-77.0234985,2
Washington Dc Jcc,1529 16th St NW,38.910837,-77.035798,2,832294,Community Centers,799101,Health Clubs Studios & Gymnasiums,832294,Community Centers, , ,713940,Fitness & Recreational Sports Centers,624110,Child & Youth Services,100 to 249,130, ,$0 ,38.9108009,-77.0357971,2
Washington Pool Svc,4100 W St NW,38.919276,-77.082248,3,179985,Swimming Pool Repair & Service,179985,Swimming Pool Repair & Service,799701,Recreation Centers, , ,236220,Commercial & Institutional Building Construction,713940,Fitness & Recreational Sports Centers,1 to 4,1,"Less Than $500,000","$414,000 ",38.9193001,-77.0821991,3
Washington Sports Clubs,214 D St SE,38.885254,-77.002719,6,799101,Health Clubs Studios & Gymnasiums,729906,Exercise & Physical Fitness Programs,799101,Health Clubs Studios & Gymnasiums,713940,Fitness & Recreational Sports Centers,812191,Diet & Weight Reducing Centers,713940,Fitness & Recreational Sports Centers,50 to 99,50,$2.5-5 Million,"$2,800,000 ",38.8852997,-77.0027008,6
Washington Sports Clubs,1211 Connecticut Ave NW,38.906322,-77.040971,2,799101,Health Clubs Studios & Gymnasiums,799101,Health Clubs Studios & Gymnasiums,804101,Chiropractors DC,713940,Fitness & Recreational Sports Centers,713940,Fitness & Recreational Sports Centers,621310,Offices Of Chiropractors,50 to 99,70,$2.5-5 Million,"$3,920,000 ",38.9062996,-77.0410004,2
Washington Sports Clubs,1345 F St NW,38.897401,-77.031945,2,799101,Health Clubs Studios & Gymnasiums,596104,E-Commerce,799101,Health Clubs Studios & Gymnasiums,713940,Fitness & Recreational Sports Centers,454111,Electronic Shopping,713940,Fitness & Recreational Sports Centers,20 to 49,20,$1-2.5 Million,"$1,120,000 ",38.8973999,-77.0318985,2
Washington Sports Clubs,3222 M St NW # 309,38.904356,-77.064007,2,799101,Health Clubs Studios & Gymnasiums,799101,Health Clubs Studios & Gymnasiums, , ,713940,Fitness & Recreational Sports Centers,713940,Fitness & Recreational Sports Centers, , ,20 to 49,25,$1-2.5 Million,"$1,400,000 ",38.9043999,-77.064003,2
Washington Sports Clubs,783 7th St NW,38.899762,-77.021859,2,799101,Health Clubs Studios & Gymnasiums,596104,E-Commerce,799101,Health Clubs Studios & Gymnasiums,713940,Fitness & Recreational Sports Centers,454111,Electronic Shopping,713940,Fitness & Recreational Sports Centers,20 to 49,40,$1-2.5 Million,"$2,240,000 ",38.8997993,-77.0218964,2
Washington Sports Clubs,1835 Connecticut Ave NW,38.915151,-77.046167,1,799101,Health Clubs Studios & Gymnasiums,799101,Health Clubs Studios & Gymnasiums, , ,713940,Fitness & Recreational Sports Centers,713940,Fitness & Recreational Sports Centers, , ,20 to 49,45,$2.5-5 Million,"$2,520,000 ",38.9151001,-77.0462036,1
Washington Sports Clubs,3100 14th St NW # 302,38.929614,-77.033696,1,799101,Health Clubs Studios & Gymnasiums,799101,Health Clubs Studios & Gymnasiums,799999,Amusement & Recreation NEC,713940,Fitness & Recreational Sports Centers,713940,Fitness & Recreational Sports Centers,713990,All Other Amusement & Recreation Industries,20 to 49,30,$1-2.5 Million,"$1,680,000 ",38.9295998,-77.033699,1
Washington Sports Clubs,2251 Wisconsin Ave NW,38.920647,-77.07045,3,799101,Health Clubs Studios & Gymnasiums,799101,Health Clubs Studios & Gymnasiums,799720,Sports Clubs,713940,Fitness & Recreational Sports Centers,713940,Fitness & Recreational Sports Centers,713990,All Other Amusement & Recreation Industries,20 to 49,30,$1-2.5 Million,"$1,680,000 ",38.9206009,-77.0703964,3
Washington Tennis & Edu Fndtn,200 Stoddert SE,38.859541,-76.971061,8,799703,Tennis Courts-Private,799703,Tennis Courts-Private, , ,713940,Fitness & Recreational Sports Centers,713940,Fitness & Recreational Sports Centers, , ,10 to 19,10,"$500,000-1 Million","$729,000 ",38.8595009,-76.9710999,8
Water Street Gym,3255 K St NW,38.903087,-77.064875,2,729906,Exercise & Physical Fitness Programs,729906,Exercise & Physical Fitness Programs,799102,Gymnasiums, , ,812191,Diet & Weight Reducing Centers,713940,Fitness & Recreational Sports Centers,5 to 9,6,$1-2.5 Million,"$1,104,000 ",38.9030991,-77.0649033,2
Waterside Fitness & Swim Club,901 6th St SW,38.878619,-77.020627,6,799101,Health Clubs Studios & Gymnasiums,799101,Health Clubs Studios & Gymnasiums, , ,713940,Fitness & Recreational Sports Centers,713940,Fitness & Recreational Sports Centers, , ,10 to 19,12,"$500,000-1 Million","$672,000 ",38.8786011,-77.0205994,6
White House Athletic Ctr,725 17th St NW # 2,38.898792,-77.038438,2,799101,Health Clubs Studios & Gymnasiums,799101,Health Clubs Studios & Gymnasiums,999966,Federal Government Contractors,713940,Fitness & Recreational Sports Centers,713940,Fitness & Recreational Sports Centers,999990,Unclassified Establishments,1 to 4,3,"Less Than $500,000","$168,000 ",38.8987999,-77.0383987,2
Work It Studio,1020 U St NW,38.916964,-77.026588,1,799101,Health Clubs Studios & Gymnasiums,799101,Health Clubs Studios & Gymnasiums, , ,713940,Fitness & Recreational Sports Centers,713940,Fitness & Recreational Sports Centers, , ,1 to 4,3,"Less Than $500,000","$168,000 ",38.9169998,-77.0266037,1
Xtend Barre Dc,1228 9th St NW,38.906434,-77.024463,2,799107,Pilates,729906,Exercise & Physical Fitness Programs,799107,Pilates,713940,Fitness & Recreational Sports Centers,812191,Diet & Weight Reducing Centers,713940,Fitness & Recreational Sports Centers,5 to 9,5,"Less Than $500,000","$280,000 ",38.9063988,-77.024498,2
YMCA,1112 16th St NW # 720,38.904211,-77.036971,2,832222,Youth Organizations & Centers,729906,Exercise & Physical Fitness Programs,799101,Health Clubs Studios & Gymnasiums, , ,812191,Diet & Weight Reducing Centers,713940,Fitness & Recreational Sports Centers,20 to 49,30, ,$0 ,38.9042015,-77.0370026,2
YMCA,1315 N St NW,38.903239,-77.031954,2,832222,Youth Organizations & Centers,799101,Health Clubs Studios & Gymnasiums,832222,Youth Organizations & Centers, , ,713940,Fitness & Recreational Sports Centers,624110,Child & Youth Services,20 to 49,30, ,$0 ,38.9031982,-77.0319977,2
Ymca-Metropolitan WA,1112 16th St NW # 7,38.904211,-77.036971,2,832222,Youth Organizations & Centers,799701,Recreation Centers,832218,Social Service & Welfare Organizations, , ,713940,Fitness & Recreational Sports Centers,624190,Other Individual & Family Services,20 to 49,35, ,$0 ,38.9042015,-77.0370026,2
Your Body Your Business,5111 B St SE,38.88612,-76.927539,7,799101,Health Clubs Studios & Gymnasiums,799101,Health Clubs Studios & Gymnasiums,804946,Alternative Medicine,713940,Fitness & Recreational Sports Centers,713940,Fitness & Recreational Sports Centers,621399,Offices Of All Other Misc Health Practitioners,20 to 49,20,$1-2.5 Million,"$1,120,000 ",38.8861008,-76.9274979,7
